Method,Permutation,MaximumSeedContrastEigenvalue,FWERThreshold
LV-GGM,1,0.01077868000704,0.0130526397145708
LV-GGM,2,0.0022609513280626,0.0130526397145708
LV-GGM,3,0.00475704890198501,0.0130526397145708
LV-GGM,4,0.0126158365486871,0.0130526397145708
LV-GGM,5,0.00522898342466843,0.0130526397145708
LV-GGM,6,0.00357884670609144,0.0130526397145708
LV-GGM,7,0.00474226505923475,0.0130526397145708
LV-GGM,8,0.00755738157087145,0.0130526397145708
LV-GGM,9,0.0065247556233964,0.0130526397145708
LV-GGM,10,0.00229231245675014,0.0130526397145708
LV-GGM,11,0.00415882225007652,0.0130526397145708
LV-GGM,12,0.00549629931029433,0.0130526397145708
LV-GGM,13,0.00514967311254004,0.0130526397145708
LV-GGM,14,0.00515342393221018,0.0130526397145708
LV-GGM,15,0.0129504431233302,0.0130526397145708
LV-GGM,16,0.0047960650736405,0.0130526397145708
LV-GGM,17,0.00260136679278972,0.0130526397145708
LV-GGM,18,0.00176285507900595,0.0130526397145708
LV-GGM,19,0.00223323558837944,0.0130526397145708
LV-GGM,20,0.00831993103145455,0.0130526397145708
LV-GGM,21,0.00792777318513069,0.0130526397145708
LV-GGM,22,0.00700021456753812,0.0130526397145708
LV-GGM,23,0.00196330489124438,0.0130526397145708
LV-GGM,24,0.00514545055105205,0.0130526397145708
LV-GGM,25,0.0045705226224771,0.0130526397145708
LV-GGM,26,0.011666131573116,0.0130526397145708
LV-GGM,27,0.00813823492342349,0.0130526397145708
LV-GGM,28,0.00248034263269622,0.0130526397145708
LV-GGM,29,0.0129364153578149,0.0130526397145708
LV-GGM,30,0.00800173238694759,0.0130526397145708
LV-GGM,31,0.0136006991620597,0.0130526397145708
LV-GGM,32,0.00197959728218682,0.0130526397145708
LV-GGM,33,0.00409149972084475,0.0130526397145708
LV-GGM,34,0.00355460771630326,0.0130526397145708
LV-GGM,35,0.00296500700178215,0.0130526397145708
LV-GGM,36,0.00339037991729822,0.0130526397145708
LV-GGM,37,0.00186592322703491,0.0130526397145708
LV-GGM,38,0.00726803303948779,0.0130526397145708
LV-GGM,39,0.0116910889529807,0.0130526397145708
LV-GGM,40,0.0061812447830789,0.0130526397145708
LV-GGM,41,0.00546476980553414,0.0130526397145708
LV-GGM,42,0.01023936172257,0.0130526397145708
LV-GGM,43,0.0134376969076746,0.0130526397145708
LV-GGM,44,0.00141745595931946,0.0130526397145708
LV-GGM,45,0.0034865045025774,0.0130526397145708
LV-GGM,46,0.00554867913318469,0.0130526397145708
LV-GGM,47,0.0149447563864494,0.0130526397145708
LV-GGM,48,0.00340371450228767,0.0130526397145708
LV-GGM,49,0.00707464041492648,0.0130526397145708
LV-GGM,50,0.00515604086565276,0.0130526397145708
LV-GGM,51,0.00290685872309736,0.0130526397145708
LV-GGM,52,0.00761007690425321,0.0130526397145708
LV-GGM,53,0.00585880503408311,0.0130526397145708
LV-GGM,54,0.0038682435375337,0.0130526397145708
LV-GGM,55,0.00162773021264957,0.0130526397145708
LV-GGM,56,0.00497398925152563,0.0130526397145708
LV-GGM,57,0.00540552043331062,0.0130526397145708
LV-GGM,58,0.00643082648836297,0.0130526397145708
LV-GGM,59,0.0062821757653982,0.0130526397145708
LV-GGM,60,0.00546834743559388,0.0130526397145708
LV-GGM,61,0.00703250535794301,0.0130526397145708
LV-GGM,62,0.00563358401684886,0.0130526397145708
LV-GGM,63,0.00309524817638427,0.0130526397145708
LV-GGM,64,0.00288622845111168,0.0130526397145708
LV-GGM,65,0.00476904443418771,0.0130526397145708
LV-GGM,66,0.00631338301456223,0.0130526397145708
LV-GGM,67,0.00484264389756006,0.0130526397145708
LV-GGM,68,0.00321214213754046,0.0130526397145708
LV-GGM,69,0.0025513417341808,0.0130526397145708
LV-GGM,70,0.00376002387618089,0.0130526397145708
LV-GGM,71,0.00558877130223755,0.0130526397145708
LV-GGM,72,0.00446340969591528,0.0130526397145708
LV-GGM,73,0.0110655878773149,0.0130526397145708
LV-GGM,74,0.00485481330555984,0.0130526397145708
LV-GGM,75,0.00777961928735774,0.0130526397145708
LV-GGM,76,0.00598368382902512,0.0130526397145708
LV-GGM,77,0.00620976335160048,0.0130526397145708
LV-GGM,78,0.00388319175071206,0.0130526397145708
LV-GGM,79,0.00265278177317566,0.0130526397145708
LV-GGM,80,0.00484066106096963,0.0130526397145708
LV-GGM,81,0.00702685417271847,0.0130526397145708
LV-GGM,82,0.00794151634389502,0.0130526397145708
LV-GGM,83,0.00237718459540051,0.0130526397145708
LV-GGM,84,0.00645010709612506,0.0130526397145708
LV-GGM,85,0.0057502500802822,0.0130526397145708
LV-GGM,86,0.00300364759811727,0.0130526397145708
LV-GGM,87,0.00718606582570487,0.0130526397145708
LV-GGM,88,0.0134397699692738,0.0130526397145708
LV-GGM,89,0.00114116704353649,0.0130526397145708
LV-GGM,90,0.00197568492160282,0.0130526397145708
LV-GGM,91,0.00714365953464581,0.0130526397145708
LV-GGM,92,0.00385016317889441,0.0130526397145708
LV-GGM,93,0.0129567859614224,0.0130526397145708
LV-GGM,94,0.00221774318236796,0.0130526397145708
LV-GGM,95,0.00509778804214483,0.0130526397145708
LV-GGM,96,0.00244383377507337,0.0130526397145708
LV-GGM,97,0.0135352672792464,0.0130526397145708
LV-GGM,98,0.00322319668629165,0.0130526397145708
LV-GGM,99,0.0136241114341729,0.0130526397145708
LV-GGM,100,0.00199395310785374,0.0130526397145708
LV-GGM,101,0.00265328901234611,0.0130526397145708
LV-GGM,102,0.00735302140632609,0.0130526397145708
LV-GGM,103,0.00783901589189845,0.0130526397145708
LV-GGM,104,0.0021119397122562,0.0130526397145708
LV-GGM,105,0.00448203818633718,0.0130526397145708
LV-GGM,106,0.00311220817846728,0.0130526397145708
LV-GGM,107,0.00484245589303976,0.0130526397145708
LV-GGM,108,0.00794373538968666,0.0130526397145708
LV-GGM,109,0.0048159624972293,0.0130526397145708
LV-GGM,110,0.00272915844419962,0.0130526397145708
LV-GGM,111,0.00629058018237526,0.0130526397145708
LV-GGM,112,0.00528281199324226,0.0130526397145708
LV-GGM,113,0.00220442338058684,0.0130526397145708
LV-GGM,114,0.00283464188727131,0.0130526397145708
LV-GGM,115,0.0129187413461207,0.0130526397145708
LV-GGM,116,0.0032762884664989,0.0130526397145708
LV-GGM,117,0.00699870932033762,0.0130526397145708
LV-GGM,118,0.00385308993937381,0.0130526397145708
LV-GGM,119,0.00218815135135823,0.0130526397145708
LV-GGM,120,0.00801116681444855,0.0130526397145708
LV-GGM,121,0.00341798271850849,0.0130526397145708
LV-GGM,122,0.0057303859125248,0.0130526397145708
LV-GGM,123,0.00467294106319854,0.0130526397145708
LV-GGM,124,0.00649235529754261,0.0130526397145708
LV-GGM,125,0.00798728084335516,0.0130526397145708
LV-GGM,126,0.0129241864027984,0.0130526397145708
LV-GGM,127,0.00433592689314999,0.0130526397145708
LV-GGM,128,0.00570717931172942,0.0130526397145708
LV-GGM,129,0.00740250168220184,0.0130526397145708
LV-GGM,130,0.00738183020631487,0.0130526397145708
LV-GGM,131,0.00279989697969086,0.0130526397145708
LV-GGM,132,0.00686048299868828,0.0130526397145708
LV-GGM,133,0.00240879699102392,0.0130526397145708
LV-GGM,134,0.00315432290337093,0.0130526397145708
LV-GGM,135,0.00172832743380664,0.0130526397145708
LV-GGM,136,0.00915373585559336,0.0130526397145708
LV-GGM,137,0.0031064571050443,0.0130526397145708
LV-GGM,138,0.00288804009816876,0.0130526397145708
LV-GGM,139,0.00775093322042544,0.0130526397145708
LV-GGM,140,0.00159208374677793,0.0130526397145708
LV-GGM,141,0.00281832588521183,0.0130526397145708
LV-GGM,142,0.00627776283299214,0.0130526397145708
LV-GGM,143,0.00334952859051208,0.0130526397145708
LV-GGM,144,0.00249771567980518,0.0130526397145708
LV-GGM,145,0.00276281241987317,0.0130526397145708
LV-GGM,146,0.00563125857818655,0.0130526397145708
LV-GGM,147,0.00518755203748283,0.0130526397145708
LV-GGM,148,0.0106970661012123,0.0130526397145708
LV-GGM,149,0.00417109788124165,0.0130526397145708
LV-GGM,150,0.0034316251897448,0.0130526397145708
LV-GGM,151,0.0133541123240336,0.0130526397145708
LV-GGM,152,0.00301657482880549,0.0130526397145708
LV-GGM,153,0.00267473155865104,0.0130526397145708
LV-GGM,154,0.00345398174422575,0.0130526397145708
LV-GGM,155,0.00796700153019773,0.0130526397145708
LV-GGM,156,0.00533454129928546,0.0130526397145708
LV-GGM,157,0.00589420022217523,0.0130526397145708
LV-GGM,158,0.00347817062298616,0.0130526397145708
LV-GGM,159,0.00711124490068633,0.0130526397145708
LV-GGM,160,0.00201895839355315,0.0130526397145708
LV-GGM,161,0.00223351558055524,0.0130526397145708
LV-GGM,162,0.00541715598880655,0.0130526397145708
LV-GGM,163,0.00731751314035199,0.0130526397145708
LV-GGM,164,0.0067073303641219,0.0130526397145708
LV-GGM,165,0.00763021656684308,0.0130526397145708
LV-GGM,166,0.00354830574900444,0.0130526397145708
LV-GGM,167,0.00438126618121929,0.0130526397145708
LV-GGM,168,0.00382238530503793,0.0130526397145708
LV-GGM,169,0.00239084824979733,0.0130526397145708
LV-GGM,170,0.0126215254385615,0.0130526397145708
LV-GGM,171,0.00634578182888539,0.0130526397145708
LV-GGM,172,0.00561234334515794,0.0130526397145708
LV-GGM,173,0.00577730948660122,0.0130526397145708
LV-GGM,174,0.00284152038081096,0.0130526397145708
LV-GGM,175,0.00304023171614299,0.0130526397145708
LV-GGM,176,0.00345534195382001,0.0130526397145708
LV-GGM,177,0.00359581391122113,0.0130526397145708
LV-GGM,178,0.00382162611702757,0.0130526397145708
LV-GGM,179,0.00364981921640524,0.0130526397145708
LV-GGM,180,0.00262702062155378,0.0130526397145708
LV-GGM,181,0.00318009836712387,0.0130526397145708
LV-GGM,182,0.00336439828084044,0.0130526397145708
LV-GGM,183,0.00321723198368377,0.0130526397145708
LV-GGM,184,0.00283151389889282,0.0130526397145708
LV-GGM,185,0.00442613252486512,0.0130526397145708
LV-GGM,186,0.00526151828909104,0.0130526397145708
LV-GGM,187,0.00387284525716579,0.0130526397145708
LV-GGM,188,0.00260680496311859,0.0130526397145708
LV-GGM,189,0.00306172128253334,0.0130526397145708
LV-GGM,190,0.00371423092464652,0.0130526397145708
LV-GGM,191,0.00640580015869982,0.0130526397145708
LV-GGM,192,0.0120381822491348,0.0130526397145708
LV-GGM,193,0.00607476454636056,0.0130526397145708
LV-GGM,194,0.00494021427872794,0.0130526397145708
LV-GGM,195,0.00735097466833776,0.0130526397145708
LV-GGM,196,0.00729329079329357,0.0130526397145708
LV-GGM,197,0.00291445457614866,0.0130526397145708
LV-GGM,198,0.00441001592570294,0.0130526397145708
LV-GGM,199,0.00305915446962991,0.0130526397145708
LV-GGM,200,0.00338066864621866,0.0130526397145708
LV-GGM,201,0.00390704867742953,0.0130526397145708
LV-GGM,202,0.00265551287484118,0.0130526397145708
LV-GGM,203,0.00725386747369864,0.0130526397145708
LV-GGM,204,0.0043467089795997,0.0130526397145708
LV-GGM,205,0.00223210651580535,0.0130526397145708
LV-GGM,206,0.00235093688966083,0.0130526397145708
LV-GGM,207,0.00566666290605607,0.0130526397145708
LV-GGM,208,0.00312670553186413,0.0130526397145708
LV-GGM,209,0.0164218776489852,0.0130526397145708
LV-GGM,210,0.00652105119042263,0.0130526397145708
LV-GGM,211,0.00293257821981116,0.0130526397145708
LV-GGM,212,0.00218826725849749,0.0130526397145708
LV-GGM,213,0.00597656214860161,0.0130526397145708
LV-GGM,214,0.00241811426354927,0.0130526397145708
LV-GGM,215,0.0134624654420078,0.0130526397145708
LV-GGM,216,0.0030163536833999,0.0130526397145708
LV-GGM,217,0.00471759018329732,0.0130526397145708
LV-GGM,218,0.006335451193184,0.0130526397145708
LV-GGM,219,0.011419216643682,0.0130526397145708
LV-GGM,220,0.00532425228426401,0.0130526397145708
LV-GGM,221,0.00451237325992213,0.0130526397145708
LV-GGM,222,0.00309166486205799,0.0130526397145708
LV-GGM,223,0.0115050088800972,0.0130526397145708
LV-GGM,224,0.00517824255717316,0.0130526397145708
LV-GGM,225,0.00737500246309798,0.0130526397145708
LV-GGM,226,0.0110863014397021,0.0130526397145708
LV-GGM,227,0.00452454401280403,0.0130526397145708
LV-GGM,228,0.00424738901679486,0.0130526397145708
LV-GGM,229,0.00352763697861595,0.0130526397145708
LV-GGM,230,0.0134493677194112,0.0130526397145708
LV-GGM,231,0.011357189399627,0.0130526397145708
LV-GGM,232,0.0035098950756409,0.0130526397145708
LV-GGM,233,0.008599563822327,0.0130526397145708
LV-GGM,234,0.00336222540011234,0.0130526397145708
LV-GGM,235,0.00316521994982743,0.0130526397145708
LV-GGM,236,0.00365050913752593,0.0130526397145708
LV-GGM,237,0.00216130938760776,0.0130526397145708
LV-GGM,238,0.00210067524480098,0.0130526397145708
LV-GGM,239,0.00321457092980064,0.0130526397145708
LV-GGM,240,0.00627568787221885,0.0130526397145708
LV-GGM,241,0.00418607535928477,0.0130526397145708
LV-GGM,242,0.00685993576626401,0.0130526397145708
LV-GGM,243,0.00433593763110076,0.0130526397145708
LV-GGM,244,0.00442192996439463,0.0130526397145708
LV-GGM,245,0.00714455984457606,0.0130526397145708
LV-GGM,246,0.00307988079876616,0.0130526397145708
LV-GGM,247,0.00282739610287244,0.0130526397145708
LV-GGM,248,0.00393347637738109,0.0130526397145708
LV-GGM,249,0.00192313630466882,0.0130526397145708
LV-GGM,250,0.00341960292796327,0.0130526397145708
LV-GGM,251,0.00354326624389672,0.0130526397145708
LV-GGM,252,0.00503203144314121,0.0130526397145708
LV-GGM,253,0.0051599899961322,0.0130526397145708
LV-GGM,254,0.0055599525129399,0.0130526397145708
LV-GGM,255,0.00595088293583379,0.0130526397145708
LV-GGM,256,0.00245896982942107,0.0130526397145708
LV-GGM,257,0.00235880614840152,0.0130526397145708
LV-GGM,258,0.00439975975298937,0.0130526397145708
LV-GGM,259,0.0114761803919108,0.0130526397145708
LV-GGM,260,0.00529249791969058,0.0130526397145708
LV-GGM,261,0.00185944751598597,0.0130526397145708
LV-GGM,262,0.00691546219394737,0.0130526397145708
LV-GGM,263,0.00402672146424661,0.0130526397145708
LV-GGM,264,0.0116165003925567,0.0130526397145708
LV-GGM,265,0.00843674954900725,0.0130526397145708
LV-GGM,266,0.00687676612494526,0.0130526397145708
LV-GGM,267,0.0025529189359552,0.0130526397145708
LV-GGM,268,0.00743534581946454,0.0130526397145708
LV-GGM,269,0.00646178494481713,0.0130526397145708
LV-GGM,270,0.00288251387762826,0.0130526397145708
LV-GGM,271,0.00921398601753449,0.0130526397145708
LV-GGM,272,0.00511148018554004,0.0130526397145708
LV-GGM,273,0.00297749441819706,0.0130526397145708
LV-GGM,274,0.0045787456685986,0.0130526397145708
LV-GGM,275,0.00204347243097356,0.0130526397145708
LV-GGM,276,0.00351937519971217,0.0130526397145708
LV-GGM,277,0.00125880732089184,0.0130526397145708
LV-GGM,278,0.00256689161834626,0.0130526397145708
LV-GGM,279,0.00581430530088036,0.0130526397145708
LV-GGM,280,0.00168634602534719,0.0130526397145708
LV-GGM,281,0.0050238813863918,0.0130526397145708
LV-GGM,282,0.00625008805347237,0.0130526397145708
LV-GGM,283,0.00225709672828233,0.0130526397145708
LV-GGM,284,0.00444154797585073,0.0130526397145708
LV-GGM,285,0.00535091753985622,0.0130526397145708
LV-GGM,286,0.00612726282248694,0.0130526397145708
LV-GGM,287,0.00350633777605508,0.0130526397145708
LV-GGM,288,0.00234862111646486,0.0130526397145708
LV-GGM,289,0.00172412458648404,0.0130526397145708
LV-GGM,290,0.0129504694694056,0.0130526397145708
LV-GGM,291,0.00313527260430009,0.0130526397145708
LV-GGM,292,0.0114439308818465,0.0130526397145708
LV-GGM,293,0.00516994615806553,0.0130526397145708
LV-GGM,294,0.0129515447905626,0.0130526397145708
LV-GGM,295,0.0111639241977832,0.0130526397145708
LV-GGM,296,0.00374316633063267,0.0130526397145708
LV-GGM,297,0.00595485064990758,0.0130526397145708
LV-GGM,298,0.00256008059977718,0.0130526397145708
LV-GGM,299,0.00647910175781239,0.0130526397145708
LV-GGM,300,0.00423195420772422,0.0130526397145708
LV-GGM,301,0.0145980168704628,0.0130526397145708
LV-GGM,302,0.00265255810145543,0.0130526397145708
LV-GGM,303,0.00386689483070336,0.0130526397145708
LV-GGM,304,0.00991002226832338,0.0130526397145708
LV-GGM,305,0.00285531797283936,0.0130526397145708
LV-GGM,306,0.00343813360793108,0.0130526397145708
LV-GGM,307,0.0133419629036245,0.0130526397145708
LV-GGM,308,0.00638206356927303,0.0130526397145708
LV-GGM,309,0.00608858222377322,0.0130526397145708
LV-GGM,310,0.00440525282989335,0.0130526397145708
LV-GGM,311,0.013261135179942,0.0130526397145708
LV-GGM,312,0.00347970600239068,0.0130526397145708
LV-GGM,313,0.0055992572205981,0.0130526397145708
LV-GGM,314,0.00321119285356836,0.0130526397145708
LV-GGM,315,0.002830701345854,0.0130526397145708
LV-GGM,316,0.00670791594507815,0.0130526397145708
LV-GGM,317,0.0100373593321268,0.0130526397145708
LV-GGM,318,0.00362478848006668,0.0130526397145708
LV-GGM,319,0.00483239346377623,0.0130526397145708
LV-GGM,320,0.00262522402872581,0.0130526397145708
LV-GGM,321,0.0041417363692144,0.0130526397145708
LV-GGM,322,0.00811777239869159,0.0130526397145708
LV-GGM,323,0.0031674897417249,0.0130526397145708
LV-GGM,324,0.00435254634599202,0.0130526397145708
LV-GGM,325,0.0013700286388752,0.0130526397145708
LV-GGM,326,0.00240628991882673,0.0130526397145708
LV-GGM,327,0.00503699126546627,0.0130526397145708
LV-GGM,328,0.00996271567722443,0.0130526397145708
LV-GGM,329,0.00486685083692708,0.0130526397145708
LV-GGM,330,0.00746004955876703,0.0130526397145708
LV-GGM,331,0.00269661760030173,0.0130526397145708
LV-GGM,332,0.00452757855062816,0.0130526397145708
LV-GGM,333,0.00255024121003599,0.0130526397145708
LV-GGM,334,0.00426574648836018,0.0130526397145708
LV-GGM,335,0.00376423831081824,0.0130526397145708
LV-GGM,336,0.00343046680075898,0.0130526397145708
LV-GGM,337,0.00715344382183989,0.0130526397145708
LV-GGM,338,0.00218547367092662,0.0130526397145708
LV-GGM,339,0.00157167183227528,0.0130526397145708
LV-GGM,340,0.00407877374762319,0.0130526397145708
LV-GGM,341,0.00522917769513336,0.0130526397145708
LV-GGM,342,0.00272419271807798,0.0130526397145708
LV-GGM,343,0.00348804773066007,0.0130526397145708
LV-GGM,344,0.00482690157524512,0.0130526397145708
LV-GGM,345,0.0133954372656935,0.0130526397145708
LV-GGM,346,0.00361663521302134,0.0130526397145708
LV-GGM,347,0.00328921581044682,0.0130526397145708
LV-GGM,348,0.0046993882535854,0.0130526397145708
LV-GGM,349,0.0100364453694791,0.0130526397145708
LV-GGM,350,0.00614755423549358,0.0130526397145708
LV-GGM,351,0.00786749822102999,0.0130526397145708
LV-GGM,352,0.00253562643910298,0.0130526397145708
LV-GGM,353,0.0134108560880854,0.0130526397145708
LV-GGM,354,0.00190564190456861,0.0130526397145708
LV-GGM,355,0.0111290046233033,0.0130526397145708
LV-GGM,356,0.00738001896358982,0.0130526397145708
LV-GGM,357,0.00771296057290254,0.0130526397145708
LV-GGM,358,0.0119443294289209,0.0130526397145708
LV-GGM,359,0.00315496502645672,0.0130526397145708
LV-GGM,360,0.00250497656027984,0.0130526397145708
LV-GGM,361,0.00220657813730223,0.0130526397145708
LV-GGM,362,0.0074675980244991,0.0130526397145708
LV-GGM,363,0.00308211289245845,0.0130526397145708
LV-GGM,364,0.00176377561544269,0.0130526397145708
LV-GGM,365,0.00826200204736261,0.0130526397145708
LV-GGM,366,0.00235641722428975,0.0130526397145708
LV-GGM,367,0.010926234644069,0.0130526397145708
LV-GGM,368,0.006203509202051,0.0130526397145708
LV-GGM,369,0.00719570332366008,0.0130526397145708
LV-GGM,370,0.00628501212069936,0.0130526397145708
LV-GGM,371,0.0137354921694792,0.0130526397145708
LV-GGM,372,0.00234289301429837,0.0130526397145708
LV-GGM,373,0.00582033292103706,0.0130526397145708
LV-GGM,374,0.0126640789873273,0.0130526397145708
LV-GGM,375,0.00200491126749911,0.0130526397145708
LV-GGM,376,0.00406271670164708,0.0130526397145708
LV-GGM,377,0.00366367738065999,0.0130526397145708
LV-GGM,378,0.0021151581924785,0.0130526397145708
LV-GGM,379,0.00343636025505215,0.0130526397145708
LV-GGM,380,0.00326286178938829,0.0130526397145708
LV-GGM,381,0.00501889564840055,0.0130526397145708
LV-GGM,382,0.0109144294833716,0.0130526397145708
LV-GGM,383,0.00553713177471012,0.0130526397145708
LV-GGM,384,0.0134651873806994,0.0130526397145708
LV-GGM,385,0.007990011167843,0.0130526397145708
LV-GGM,386,0.0070922088667778,0.0130526397145708
LV-GGM,387,0.00447542991919866,0.0130526397145708
LV-GGM,388,0.00531091566112725,0.0130526397145708
LV-GGM,389,0.0125892081780312,0.0130526397145708
LV-GGM,390,0.00246169821259564,0.0130526397145708
LV-GGM,391,0.00267764845709973,0.0130526397145708
LV-GGM,392,0.0100860954262686,0.0130526397145708
LV-GGM,393,0.00488493543037601,0.0130526397145708
LV-GGM,394,0.00800012312774671,0.0130526397145708
LV-GGM,395,0.00181644633828436,0.0130526397145708
LV-GGM,396,0.00270051691345532,0.0130526397145708
LV-GGM,397,0.0113984656530572,0.0130526397145708
LV-GGM,398,0.00444301217027062,0.0130526397145708
LV-GGM,399,0.00168619950433486,0.0130526397145708
LV-GGM,400,0.00668010867569878,0.0130526397145708
LV-GGM,401,0.00368893478542176,0.0130526397145708
LV-GGM,402,0.00386692981865037,0.0130526397145708
LV-GGM,403,0.00311228237266125,0.0130526397145708
LV-GGM,404,0.00314002355746558,0.0130526397145708
LV-GGM,405,0.00177809664389751,0.0130526397145708
LV-GGM,406,0.00726152067129674,0.0130526397145708
LV-GGM,407,0.00466172459565023,0.0130526397145708
LV-GGM,408,0.00576398506222402,0.0130526397145708
LV-GGM,409,0.0145979372578947,0.0130526397145708
LV-GGM,410,0.00306630171243109,0.0130526397145708
LV-GGM,411,0.00628942683572314,0.0130526397145708
LV-GGM,412,0.00280601213540707,0.0130526397145708
LV-GGM,413,0.00305751727684435,0.0130526397145708
LV-GGM,414,0.011039255186373,0.0130526397145708
LV-GGM,415,0.0046305615974138,0.0130526397145708
LV-GGM,416,0.00285269525576358,0.0130526397145708
LV-GGM,417,0.0126063357084621,0.0130526397145708
LV-GGM,418,0.00749260512513879,0.0130526397145708
LV-GGM,419,0.00455080049993796,0.0130526397145708
LV-GGM,420,0.00806046955829859,0.0130526397145708
LV-GGM,421,0.00374769414107287,0.0130526397145708
LV-GGM,422,0.0115910865321286,0.0130526397145708
LV-GGM,423,0.00321224151853272,0.0130526397145708
LV-GGM,424,0.0110326579030505,0.0130526397145708
LV-GGM,425,0.00631519783416861,0.0130526397145708
LV-GGM,426,0.00539282977478164,0.0130526397145708
LV-GGM,427,0.00517402439330132,0.0130526397145708
LV-GGM,428,0.00302967472654003,0.0130526397145708
LV-GGM,429,0.00303480653704095,0.0130526397145708
LV-GGM,430,0.013521244615132,0.0130526397145708
LV-GGM,431,0.00398551990813147,0.0130526397145708
LV-GGM,432,0.00544746251598707,0.0130526397145708
LV-GGM,433,0.00317334789555282,0.0130526397145708
LV-GGM,434,0.00732275218697107,0.0130526397145708
LV-GGM,435,0.00159878210531576,0.0130526397145708
LV-GGM,436,0.00661175674819816,0.0130526397145708
LV-GGM,437,0.00484100188938966,0.0130526397145708
LV-GGM,438,0.00211764417909347,0.0130526397145708
LV-GGM,439,0.00354857043595214,0.0130526397145708
LV-GGM,440,0.00880971104857672,0.0130526397145708
LV-GGM,441,0.0134843697027223,0.0130526397145708
LV-GGM,442,0.00244331441679766,0.0130526397145708
LV-GGM,443,0.00540708954685052,0.0130526397145708
LV-GGM,444,0.014677097486947,0.0130526397145708
LV-GGM,445,0.00410955830677155,0.0130526397145708
LV-GGM,446,0.00335702621936247,0.0130526397145708
LV-GGM,447,0.00699818635867008,0.0130526397145708
LV-GGM,448,0.00284749902773159,0.0130526397145708
LV-GGM,449,0.00379807663401276,0.0130526397145708
LV-GGM,450,0.00368434397899394,0.0130526397145708
LV-GGM,451,0.0069099263946201,0.0130526397145708
LV-GGM,452,0.00709315954623431,0.0130526397145708
LV-GGM,453,0.00234596526043258,0.0130526397145708
LV-GGM,454,0.00378332742069868,0.0130526397145708
LV-GGM,455,0.0129206340848781,0.0130526397145708
LV-GGM,456,0.0026312726623947,0.0130526397145708
LV-GGM,457,0.00422817285759819,0.0130526397145708
LV-GGM,458,0.00722113270931897,0.0130526397145708
LV-GGM,459,0.00690349725102212,0.0130526397145708
LV-GGM,460,0.00561010907001021,0.0130526397145708
LV-GGM,461,0.00143382980161317,0.0130526397145708
LV-GGM,462,0.00280394193916308,0.0130526397145708
LV-GGM,463,0.00314772084054003,0.0130526397145708
LV-GGM,464,0.0043575307436132,0.0130526397145708
LV-GGM,465,0.00357786212086141,0.0130526397145708
LV-GGM,466,0.0126386637181406,0.0130526397145708
LV-GGM,467,0.0144406997464595,0.0130526397145708
LV-GGM,468,0.00644946431674884,0.0130526397145708
LV-GGM,469,0.012935474476593,0.0130526397145708
LV-GGM,470,0.00239537116980985,0.0130526397145708
LV-GGM,471,0.0079957817676015,0.0130526397145708
LV-GGM,472,0.00659039806608502,0.0130526397145708
LV-GGM,473,0.0142330270482985,0.0130526397145708
LV-GGM,474,0.00262532444851957,0.0130526397145708
LV-GGM,475,0.0137472762062327,0.0130526397145708
LV-GGM,476,0.00199916791605596,0.0130526397145708
LV-GGM,477,0.0074845669036341,0.0130526397145708
LV-GGM,478,0.0109113394460573,0.0130526397145708
LV-GGM,479,0.0030461943420538,0.0130526397145708
LV-GGM,480,0.00383141383965791,0.0130526397145708
LV-GGM,481,0.00331334587073689,0.0130526397145708
LV-GGM,482,0.00330104058719693,0.0130526397145708
LV-GGM,483,0.0135244027482311,0.0130526397145708
LV-GGM,484,0.00806430177184586,0.0130526397145708
LV-GGM,485,0.00438354496300007,0.0130526397145708
LV-GGM,486,0.0024576809337169,0.0130526397145708
LV-GGM,487,0.0109405902148213,0.0130526397145708
LV-GGM,488,0.00457483154542197,0.0130526397145708
LV-GGM,489,0.00579735633574151,0.0130526397145708
LV-GGM,490,0.002591280501555,0.0130526397145708
LV-GGM,491,0.00524835059453157,0.0130526397145708
LV-GGM,492,0.0130416662690249,0.0130526397145708
LV-GGM,493,0.00384367433256842,0.0130526397145708
LV-GGM,494,0.00518571829645748,0.0130526397145708
LV-GGM,495,0.0054672986041988,0.0130526397145708
LV-GGM,496,0.00398099724517496,0.0130526397145708
LV-GGM,497,0.00269969322875238,0.0130526397145708
LV-GGM,498,0.00284307497946252,0.0130526397145708
LV-GGM,499,0.00578442635819453,0.0130526397145708
LV-GGM,500,0.00258636513618382,0.0130526397145708
